{
    "loss": 0.14592485129833221,
    "accuracy": 0.9655172228813171
}